# es, lj, full, stdes, stdlj, stdfull
-84.0959,-17.5385,-101.634,73.407,9.77337,78.1607
-1.05633,-1.96618,-3.0225,2.1295,0.771432,2.48314
-0.152792,-0.883421,-1.03621,0.710331,0.546308,0.914712
3.06088,-1.30868,1.7522,7.04927,1.71697,7.03268
-0.0171959,-1.15515,-1.17235,0.0935163,0.881591,0.876821
0.0581212,-0.112081,-0.0539601,0.366619,0.0634764,0.343763
0.0449765,-0.180222,-0.135245,0.0241385,0.0447852,0.039973
0.0186154,-0.264891,-0.246276,0.0881392,0.100821,0.143467
3.61456,-3.38044,0.234114,5.93828,1.67482,5.70037
-3.11381,-7.54835,-10.6622,4.75344,1.62783,5.34801
-6.26115,-37.7324,-43.9935,5.60218,5.96091,7.8036
1.07787,-7.85672,-6.77885,0.826051,1.86692,1.96038
0.151146,-1.87166,-1.72052,0.395563,0.231838,0.476365
-11.6595,-36.7563,-48.4158,4.03973,3.85131,5.39408
6.48288,-28.6786,-22.1957,5.66113,3.76662,4.83218
3.27152,-4.6516,-1.38007,1.47444,1.04011,2.00827
0.915973,-3.85954,-2.94357,2.42293,0.582282,2.04143
-177.683,-31.8417,-209.524,35.8647,8.88286,32.2503
-64.3428,-23.4299,-87.7727,31.8211,7.71347,27.8788
-38.1751,-39.2041,-77.3792,61.7411,9.59298,62.7594
-14.4723,-22.944,-37.4163,13.3663,5.25506,14.6244
-11.0009,-27.0031,-38.0039,6.23735,3.54709,6.98731
-88.2105,-26.9274,-115.138,45.5267,6.80993,44.22
-12.1355,-46.8003,-58.9358,11.2221,5.1958,10.1535
-61.6804,-35.2339,-96.9143,10.2947,5.92639,10.6907
-0.436417,-6.66625,-7.10266,1.23552,1.30723,2.03706
-3.12854,-22.7586,-25.8871,15.1899,4.26697,16.1078
-0.185727,-1.30061,-1.48634,0.238727,0.313244,0.420731
-0.0105602,-0.97806,-0.988619,0.192983,0.292314,0.403906
-0.00013435,-0.0855005,-0.0856348,0.0878265,0.0429183,0.100409
0.00332589,-0.0132471,-0.00992125,0.00467015,0.00474157,0.00606369
0.0146722,-0.081612,-0.0669398,0.0430166,0.0431173,0.0388525
0.420089,-0.335234,0.0848554,0.399472,0.0976519,0.399468
42.0221,-3.8914,38.1307,21.558,1.50385,20.741
18.0185,-4.16161,13.8569,10.9397,1.36603,10.1346
-170.961,-20.8084,-191.769,62.3879,8.15278,59.1856
-7.94969,-6.1291,-14.0788,5.03121,2.01227,4.64722
