# es, lj, full, stdes, stdlj, stdfull
-115.091,-6.55646,-121.648,87.3174,8.95508,83.716
1.27318,-1.76007,-0.48689,2.45359,0.739704,2.32301
-0.165839,-0.517551,-0.68339,1.60119,0.593785,2.03705
19.1471,-2.00822,17.1389,16.9579,1.90263,15.5113
-0.189366,-1.58904,-1.77841,0.502542,0.818848,0.954948
0.443535,-1.51812,-1.07459,4.21526,1.06034,4.34727
-2.45624,-2.22236,-4.6786,2.8392,0.835786,3.16381
7.41231,-10.034,-2.6217,10.5322,3.82156,10.1808
-80.9317,-25.7328,-106.664,67.8124,7.19382,65.0309
-101.34,-1.85649,-103.197,29.7655,9.96119,22.6326
-20.2587,-54.3958,-74.6546,22.0661,8.79357,21.9658
-24.7846,-24.7659,-49.5505,20.1058,7.89797,24.5755
-0.860326,-2.1396,-2.99992,0.90722,0.303512,0.937448
-0.121277,-9.35231,-9.47361,8.11179,2.50515,7.9736
-0.117391,-21.7086,-21.826,3.86742,4.80339,6.16168
0.312326,-4.6133,-4.30098,1.6446,1.62681,1.92103
-4.92976,-4.59705,-9.5268,8.71387,1.37339,9.64449
-162.889,-43.6609,-206.55,38.067,9.79297,33.8109
-6.1254,-24.4943,-30.6197,15.0545,4.28463,16.2566
-95.9976,-20.0493,-116.047,45.5071,10.0631,41.5227
-1.55788,-26.8513,-28.4092,6.63581,7.21463,8.73981
-21.5097,-19.1561,-40.6658,10.829,5.63419,10.3004
-243.076,-67.1588,-310.235,22.8296,9.29197,23.4037
-36.5979,-37.179,-73.7769,13.8797,8.36942,16.9671
-34.964,-34.246,-69.21,11.1307,7.23944,12.998
4.43587,-7.4529,-3.01704,4.09674,2.16207,4.63323
-59.3423,-19.4731,-78.8153,40.9082,4.63896,41.7856
-4.78769,-6.27925,-11.0669,2.72398,2.02176,3.69664
0.419655,-4.32692,-3.90726,0.7823,2.61857,2.81755
0.0761057,-0.984485,-0.908381,0.941896,0.598613,1.17031
-0.19883,-0.326419,-0.525249,0.248502,0.115724,0.31197
0.2287,-0.275942,-0.0472422,0.145086,0.0995327,0.176841
0.0393921,-0.534212,-0.49482,0.212557,0.12308,0.30044
34.2373,-4.5487,29.6886,13.7189,2.29422,14.0478
-27.5558,-6.81006,-34.3658,9.63165,5.60946,9.05206
-141.623,-45.9045,-187.527,27.5711,9.31763,24.247
-2.60809,-3.13143,-5.73953,5.04526,1.03853,5.28326
