# es, lj, full, stdes, stdlj, stdfull
-180.01,-4.55587,-184.566,129.452,7.58403,129.846
0.121963,-3.21366,-3.0917,2.22529,4.6976,5.30931
-1.0957,-1.43271,-2.52841,1.76578,1.23245,2.40068
1.11953,-2.46303,-1.34349,52.5248,3.32338,50.5472
-0.723942,-2.067,-2.79094,0.628154,1.26171,1.44668
1.12558,-0.162592,0.962991,1.30086,0.106749,1.22577
-0.25579,-0.206999,-0.462789,0.327233,0.0772537,0.38233
0.546358,-0.424506,0.121852,0.739778,0.210466,0.723486
-87.6409,-2.76627,-90.4072,71.215,6.10392,69.1348
-25.1697,-5.64025,-30.81,25.9329,5.06543,24.4048
-3.11751,-39.03,-42.1476,8.29744,6.39487,10.1477
-1.08444,-6.16082,-7.24526,8.70038,2.30902,10.0801
1.32833,-1.82145,-0.493122,1.10134,0.482072,0.981305
-0.986429,-26.9633,-27.9497,5.60289,8.67922,9.16659
-6.93207,-26.6464,-33.5785,9.33486,6.10851,11.9187
-1.32635,-6.41607,-7.74241,2.68551,4.20157,6.32758
-2.56081,-4.10519,-6.66599,1.26036,0.531753,1.66118
-124.676,-34.7472,-159.424,40.961,9.75289,39.5323
-16.4848,-30.0183,-46.5031,9.5055,5.73324,11.6391
-70.0357,-41.5581,-111.594,30.4362,6.76624,28.5532
-32.8347,-39.3696,-72.2043,15.4798,7.50842,19.9215
-20.4077,-29.5724,-49.9801,9.85773,3.75695,10.3289
-85.7032,-39.9115,-125.615,26.3031,9.37029,28.2942
-9.55396,-36.8804,-46.4344,18.6972,5.48108,18.0011
-37.9951,-24.3312,-62.3263,20.5133,9.19948,23.5669
-10.8252,-3.35393,-14.1791,12.5773,2.70597,13.1003
-158.782,-15.0143,-173.797,124.194,8.45636,124.427
-0.209482,-0.90543,-1.11491,1.25054,0.451823,1.27734
0.00988821,-1.13178,-1.12189,0.305474,0.708982,0.642275
0.00208286,-0.134518,-0.132435,0.248379,0.135352,0.259217
-0.00709748,-0.0151474,-0.0222449,0.0402534,0.0109398,0.0406005
0.0556122,-0.16959,-0.113978,0.194424,0.170372,0.256142
0.563096,-0.539484,0.0236121,0.967485,0.259653,0.911599
35.2467,-8.80106,26.4456,30.7881,3.47507,30.8219
3.83844,-10.3731,-6.53464,4.83481,2.35388,5.64517
-59.4117,-46.9092,-106.321,29.3437,10.8332,31.255
