# es, lj, full, stdes, stdlj, stdfull
-78.8521,-7.43323,-86.2853,92.3871,8.05699,89.8201
3.21438,-7.46473,-4.25035,3.76335,5.31743,2.96538
0.766627,-1.30634,-0.539716,2.26445,1.31323,2.50005
-12.7334,-1.55551,-14.2889,24.1386,1.74368,24.7275
0.290776,-2.10162,-1.81084,0.880063,1.80838,1.49725
-0.51234,-0.208373,-0.720713,0.950194,0.180507,1.06856
0.00801609,-0.350011,-0.341995,0.305051,0.15669,0.371867
-6.5787,-1.32519,-7.90389,8.69041,1.29734,9.30478
-122.665,-5.74548,-128.411,72.2454,9.18422,67.9017
-21.825,-9.94825,-31.7733,20.0473,5.81884,18.501
-0.546857,-23.2826,-23.8295,9.5035,8.4526,12.3682
4.95184,-6.10471,-1.15288,5.86349,1.9183,5.75126
0.0490759,-1.84078,-1.7917,0.983928,0.352302,1.13102
-3.0345,-24.8826,-27.9171,3.9302,4.81767,6.65309
-1.36728,-33.4059,-34.7732,3.87498,3.48536,5.55153
-1.51635,-9.03568,-10.552,1.95102,2.78171,3.35014
-1.54307,-3.25966,-4.80271,0.806839,0.355416,0.970279
-212.686,-29.2645,-241.951,32.5558,9.84019,30.678
-37.1788,-27.0169,-64.1957,18.95,6.2541,17.1981
-183.522,-37.1008,-220.623,90.7251,10.0604,92.757
0.827254,-32.1039,-31.2767,6.35797,4.0148,7.24412
-5.38231,-26.0808,-31.4631,10.548,5.08866,12.9089
-24.3689,-23.1733,-47.5421,42.8177,6.76444,44.3567
-28.245,-34.3015,-62.5465,14.4908,8.3508,16.7611
-33.6775,-18.7168,-52.3943,19.3339,5.52392,17.7081
2.27329,-2.33181,-0.0585156,3.58105,0.60539,3.32758
-101.214,-14.9434,-116.157,86.8687,7.28906,85.6292
-4.56396,-2.40313,-6.96709,10.3102,2.24278,11.4956
-0.196227,-2.50165,-2.69788,1.31045,1.60429,2.00058
-0.27151,-0.488821,-0.76033,4.39915,0.530011,4.46153
0.32934,-0.0727906,0.256549,0.590112,0.0583566,0.550259
-0.208663,-0.250058,-0.458721,0.403324,0.166379,0.446569
-0.437616,-0.588711,-1.02633,1.2696,0.309972,1.38699
-68.3193,-3.83593,-72.1553,52.9058,5.74233,51.2125
-3.64252,-4.96663,-8.60914,3.91683,3.30726,5.62578
-73.2064,-56.0506,-129.257,16.5718,7.82735,16.0144
