# es, lj, full, stdes, stdlj, stdfull
-26.586,-20.7835,-47.3695,24.5627,4.4908,24.2553
-11.6156,-6.21639,-17.832,7.31186,1.72029,8.64198
-10.9431,-4.12183,-15.0649,22.9257,3.52245,23.4726
20.0581,-16.712,3.34609,8.60439,3.44665,8.00042
-0.608815,-2.42289,-3.03171,0.355663,0.510643,0.726773
0.00123674,-0.221105,-0.219868,0.205408,0.0780434,0.216156
-0.0365143,-0.23757,-0.274085,0.241399,0.0857439,0.279864
-0.247651,-0.608468,-0.856119,0.720793,0.300797,0.809456
-10.4342,-6.66909,-17.1033,24.6592,4.08254,24.9039
-6.61644,-7.19563,-13.8121,9.75643,2.96197,10.2121
-38.7778,-47.418,-86.1957,18.8995,9.83304,22.1175
-2.93314,-6.09566,-9.02881,9.97643,3.7251,12.1022
-0.888866,-1.43369,-2.32255,0.729963,0.266287,0.730764
-8.40234,-29.8322,-38.2345,4.38517,5.46062,7.12014
-3.14859,-14.0645,-17.2131,3.17443,3.12969,4.89832
1.8843,-3.4055,-1.52121,1.88543,0.469264,2.04797
-24.7584,-2.90892,-27.6673,5.98857,4.64657,4.06954
-233.728,-46.7246,-280.453,27.4708,9.37765,24.2612
3.08801,-31.6213,-28.5333,4.68867,4.46035,5.85394
-77.6676,-41.471,-119.138,25.8443,4.61959,25.7517
-58.4247,-52.4491,-110.874,16.7754,6.235,15.999
-19.9297,-24.2104,-44.1401,7.76937,5.65425,6.25581
-221.19,-74.2835,-295.473,22.5917,9.39594,20.5848
-47.0038,-45.0051,-92.0089,9.50307,6.71286,10.9008
-65.0847,-20.569,-85.6538,12.824,6.56171,11.6526
-0.0994527,-4.328,-4.42744,3.27538,1.01714,3.6733
-95.4246,-25.3593,-120.784,62.0011,10.4951,58.4478
-2.23152,-1.84963,-4.08115,2.60952,0.736007,3.16227
-1.12328,-5.68483,-6.80811,1.65376,3.92264,4.9145
-0.225079,-1.58173,-1.80681,4.93128,1.09037,5.21855
0.0762095,-0.110964,-0.034755,0.174194,0.042517,0.160856
0.0249841,-1.09989,-1.07491,0.295866,0.351621,0.380945
1.42503,-1.14801,0.277026,1.46961,0.505527,1.16236
39.7532,-13.3882,26.365,27.3008,7.99083,33.3735
-17.2922,-23.2559,-40.548,12.3027,4.81432,15.251
-197.111,-45.1199,-242.231,54.399,11.2799,48.4798
0,0,0,0,0,0
