# es, lj, full, stdes, stdlj, stdfull
-114.673,-7.54396,-122.217,110.952,8.46862,107.426
-9.88506,-6.0449,-15.93,15.3323,3.41411,17.6688
-26.3888,-1.38687,-27.7756,39.2861,3.85938,39.8147
18.6083,-9.06817,9.54013,13.5634,9.81189,13.1438
-0.651893,-1.64823,-2.30012,0.485054,0.971823,1.26565
-0.0675639,-0.194417,-0.261981,0.329775,0.155494,0.391807
0.072688,-0.246581,-0.173893,0.109524,0.12727,0.141012
-0.0718113,-0.611632,-0.683443,0.432795,0.470783,0.748841
-4.57117,-7.77098,-12.3422,17.3268,4.54581,17.4324
-2.26618,-6.34861,-8.61479,5.96773,3.16013,7.42924
-50.6447,-58.2371,-108.882,20.4785,8.99189,24.9009
-0.393103,-8.04048,-8.43359,4.38014,5.21737,7.60261
0.207241,-1.47134,-1.2641,0.38447,0.474697,0.615626
-4.00887,-16.9537,-20.9625,4.03618,4.68629,6.85974
2.93765,-18.4961,-15.5585,5.50557,8.75277,5.75738
2.91319,-3.26421,-0.351024,1.96171,1.11921,2.00502
1.16033,-3.85737,-2.69704,6.6629,2.45586,6.61046
-131.886,-26.3556,-158.242,28.8001,11.4049,25.8264
-20.9633,-22.9014,-43.8647,29.0758,5.8301,26.6319
-64.2563,-40.8755,-105.132,36.2118,7.02719,34.2179
-12.4319,-20.4995,-32.9314,9.36108,9.99355,15.4747
-19.1184,-18.1978,-37.3163,15.8171,6.91238,17.5512
-92.5293,-35.4951,-128.024,88.4101,21.2622,105.41
-16.9674,-35.4696,-52.437,14.7517,10.9242,23.2623
-35.527,-26.2584,-61.7855,21.2114,8.45434,26.483
0.668778,-2.37786,-1.70908,1.62519,1.33149,2.39679
-114.731,-5.45238,-120.183,62.4448,5.67742,61.2022
0.833479,-1.32191,-0.488426,1.64563,1.31356,2.12477
-1.82783,-5.80242,-7.63025,2.61305,6.58008,8.99694
-0.0747651,-1.94977,-2.02453,4.06313,2.8234,4.98356
-0.00887262,-0.0882846,-0.0971571,0.0674124,0.0897929,0.129806
-0.087276,-0.493962,-0.581238,0.248976,0.569999,0.631071
0.260334,-0.550954,-0.290619,0.673705,0.307986,0.564662
-10.4584,-6.05459,-16.513,29.5563,5.45578,27.8083
-2.90315,-8.08771,-10.9909,7.49235,6.36929,11.1614
-30.8215,-34.1804,-65.002,64.9332,10.9106,68.4933
0,0,0,0,0,0
