# es, lj, full, stdes, stdlj, stdfull
-280.418,-19.7529,-300.171,46.3454,8.37057,45.051
1.3297,-14.3915,-13.0618,1.64055,3.21136,3.65889
0.143592,-0.782067,-0.638474,0.135524,0.445729,0.439101
0.257256,-2.63604,-2.37878,3.6596,2.11465,4.0014
-0.19727,-6.79772,-6.99498,0.380857,2.70774,2.82092
0.855369,-0.787836,0.0675324,0.786378,0.43122,0.811128
-0.529943,-0.507394,-1.03734,0.430752,0.183816,0.577471
-0.362268,-0.336076,-0.698345,0.400227,0.0819315,0.44132
-2.12904,-4.18152,-6.31056,6.27563,1.61129,6.54987
1.11815,-8.92908,-7.81093,1.61679,1.60679,2.25729
-12.6168,-45.7965,-58.4132,9.0261,6.17699,8.75974
-19.5403,-15.9206,-35.4609,13.5989,4.23139,15.5128
-0.800235,-3.71182,-4.51206,0.637111,0.572912,0.944581
-27.953,-14.1894,-42.1424,11.7,4.33093,10.3217
-15.6794,-36.1394,-51.8188,10.2518,5.06461,9.89314
-1.72256,-12.0057,-13.7282,0.932842,2.9249,3.23255
-0.310242,-3.77731,-4.08755,1.1506,0.356161,1.35863
-191.63,-43.3182,-234.948,29.1088,9.76711,24.4457
-22.6077,-24.0167,-46.6244,15.7095,6.02476,13.0288
-69.8964,-31.0678,-100.964,61.7411,5.78213,62.7795
-10.3788,-41.2561,-51.635,9.21928,4.13503,8.92657
-0.450729,-28.7896,-29.2403,6.8587,4.0518,8.8144
-79.4699,-32.2425,-111.712,33.647,5.41258,33.4496
-35.6996,-38.9557,-74.6553,12.564,6.24154,12.5009
-9.65922,-24.1166,-33.7758,16.1499,4.78813,14.6878
-1.44063,-3.8855,-5.32613,1.49424,1.12795,2.30871
-16.0032,-4.48048,-20.4837,30.9174,2.17392,31.7095
0.0661478,-0.47993,-0.413782,0.0722274,0.0943719,0.123987
-0.00870989,-0.20325,-0.211959,0.0242269,0.0940775,0.10775
0.00120511,-0.00736824,-0.00616313,0.0052392,0.00781001,0.00946999
0.0105524,-0.0190323,-0.00847985,0.0124164,0.00876455,0.0117913
0.00454533,-0.10033,-0.0957849,0.016568,0.0435914,0.0414902
0.0375382,-0.665948,-0.62841,0.0772494,0.180585,0.206779
0.560147,-1.2181,-0.657954,2.77929,0.4241,2.66732
3.53173,-2.40157,1.13015,0.955687,0.319016,0.807276
1.40359,-17.3325,-15.9289,10.6371,4.64023,13.1524
-4.93298,-4.7239,-9.65688,5.12214,1.86625,4.71262
