# es, lj, full, stdes, stdlj, stdfull
-26.9294,-5.97434,-32.9038,60.8807,6.17834,59.4249
3.0267,-4.00809,-0.981382,3.55272,3.42265,2.45514
2.65359,-1.78974,0.863848,5.95732,1.666,5.56321
-129.667,2.00275,-127.664,58.8948,7.19164,54.8368
0.164497,-1.91666,-1.75216,0.845791,0.727322,0.83232
-1.45049,-0.514187,-1.96467,4.21991,0.538432,4.35318
1.86596,-0.544291,1.32167,2.03616,0.433117,1.66425
1.53591,-0.731083,0.804829,2.95851,0.504245,2.98329
-123.805,-2.73802,-126.543,79.2464,7.18802,74.8684
-3.01898,-7.61707,-10.6361,4.28641,3.53526,7.13719
-50.1175,-41.1259,-91.2436,32.4718,8.02318,33.9736
6.27325,-12.9553,-6.68203,8.83217,3.97696,10.2316
-0.541248,-2.27108,-2.81233,0.48752,0.364942,0.676098
-2.9591,-29.3906,-32.3497,3.13544,7.03319,8.01811
-20.1331,-28.9367,-49.0698,11.6381,4.88524,10.7739
-1.98653,-12.9297,-14.9162,1.67828,3.00081,3.64955
-0.528976,-2.98316,-3.51213,0.774468,0.42366,0.937936
-46.1669,-37.5929,-83.7598,41.0191,6.98131,38.5479
-28.7565,-28.5753,-57.3318,16.6194,5.80903,18.5865
-66.151,-32.7223,-98.8733,70.2114,7.78926,70.7729
-4.16531,-31.2481,-35.4134,4.44973,4.57097,6.8729
1.3481,-18.0865,-16.7384,6.44035,3.73435,7.35551
-11.1136,-15.8978,-27.0114,22.9649,4.21784,21.8214
-8.82828,-29.6373,-38.4656,10.8121,4.77239,10.8615
-12.9303,-14.3776,-27.3079,19.0573,5.95636,21.6524
0.155171,-2.61028,-2.45511,0.86763,1.16573,1.09586
-124.925,-10.3163,-135.241,67.8277,8.32779,67.4475
-0.630324,-0.66952,-1.29984,1.34693,0.330716,1.58915
0.951761,-1.57519,-0.623432,1.01266,1.74754,1.07745
0.00852508,-0.165108,-0.156583,1.03239,0.213528,1.0655
-0.0444874,-0.0291159,-0.0736033,0.158414,0.0163059,0.167311
-0.116578,-0.179996,-0.296574,0.347692,0.0802676,0.387688
-0.0461957,-0.518539,-0.564734,0.409419,0.114319,0.371657
-103.038,-1.26586,-104.304,53.8839,6.26534,51.3533
-4.57041,-4.25346,-8.82388,3.71857,1.31514,4.13889
-44.5176,-31.5819,-76.0995,40.9261,8.71344,40.1731
